{
    "description": "Instance with a public IP",
    "rationale": "It is good practice to maintain a list of known, publicly accessible instances and flag all other instances thay meet this criteria.",
    "path": "ec2.regions.id.vpcs.id.instances.id.network_interfaces.id",
    "dashboard_name": "Network interfaces",
    "conditions": [ "and",
        [ "Association", "notNull", "" ],
        [ "ec2.regions.id.vpcs.id.instances.id.network_interfaces.id.Association.PublicIp", "notNull", "" ]
    ],
    "display_path": "ec2.regions.id.vpcs.id.instances.id"
}
