{
    "arg_names": [ "IAM entity type", "Service", "Action" ],
    "description": "Inline _ARG_0_ policy allows _ARG_1_:_ARG_2_ *",
    "key": "iam-inline-_ARG_0_-policy-allows-_ARG_1_-_ARG_2_",
    "path": "iam._ARG_0_s.id.inline_policies.id.PolicyDocument.Statement.id",
    "display_path": "iam._ARG_0_s.id",
    "dashboard_name": "Policies",
    "conditions": [ "and",
        [ "iam._ARG_0_s.id.inline_policies.id.PolicyDocument.Statement.id.Effect", "equal", "Allow" ],
        [ "or",
            [ "and",
                [ "iam._ARG_0_s.id.inline_policies.id.PolicyDocument.Statement.id.", "withKey", "Action" ],
                [ "iam._ARG_0_s.id.inline_policies.id.PolicyDocument.Statement.id.Action", "containNoneOf", [ "*", "*:*" ] ]
            ],
            [ "iam._ARG_0_s.id.inline_policies.id.PolicyDocument.Statement.id.", "withKey", "NotAction" ]
        ],
        [ "iam._ARG_0_s.id.inline_policies.id.PolicyDocument.Statement.id.", "containAction", "_ARG_1_:_ARG_2_" ],
        [ "iam._ARG_0_s.id.inline_policies.id.PolicyDocument.Statement.id.Resource", "containAtLeastOneOf", [ "*" ] ]
    ],
    "keys": [
        "iam._ARG_0_s.id.inline_policies.id.name"
    ]
}
